fn,c_wave_3d_kochin,c_wave_michell_reference,relative_error,kochin_tail_fraction
0.2,0.0002646858690030948,0.0002505453552268359,0.056438938025638166,5.190052791165366e-11
0.225,0.00025930508180041506,0.000246641329022535,0.05134481243702272,1.8861189659807044e-09
0.25,0.0003133078528190121,0.0003003282606655348,0.04321801792716471,2.5886517052913053e-08
0.275,0.0003921278690567053,0.00037793996536886686,0.03754009892547659,1.7523756402331183e-07
0.3,0.0006197930263502509,0.0006045598413721998,0.02519714995206346,3.6657843526180754e-07
0.325,0.0004586167938960276,0.0004414564428913225,0.03887212720764311,1.726704824151179e-06
0.35,0.000371902639715197,0.0003522692288785655,0.055734106833950976,4.866303001118e-06
0.375,0.0005282422127456847,0.0005071128896011509,0.0416659161654366,7.404959644196285e-06
0.4,0.0007932785048651218,0.0007717460251517861,0.027900992051239658,5.488846274067986e-06
